date,close
2015-01-02,24.21489143371582
2015-01-05,23.5327205657959
2015-01-06,23.534940719604492
2015-01-07,23.86495018005371
2015-01-08,24.781892776489258
2015-01-09,24.8084716796875
2015-01-12,24.197174072265625
2015-01-13,24.412017822265625
2015-01-14,24.318992614746094
2015-01-15,23.658964157104492
2015-01-16,23.475126266479492
2015-01-20,24.079784393310547
2015-01-21,24.26362419128418
2015-01-22,24.894845962524414
2015-01-23,25.023305892944336
2015-01-26,25.04988670349121
2015-01-27,24.17281150817871
2015-01-28,25.539369583129883
2015-01-29,26.334495544433594
2015-01-30,25.949115753173828
2015-02-02,26.274696350097656
2015-02-03,26.27912712097168
2015-02-04,26.480682373046875
2015-02-05,26.669681549072266
2015-02-06,26.445100784301758
2015-02-09,26.62076187133789
2015-02-10,27.132186889648438
2015-02-11,27.76813507080078
2015-02-12,28.119464874267578
2015-02-13,28.257328033447266
2015-02-17,28.424091339111328
2015-02-18,28.621986389160156
2015-02-19,28.561952590942383
2015-02-20,28.795434951782227
2015-02-23,29.573688507080078
2015-02-24,29.389127731323242
2015-02-25,28.63755226135254
2015-02-26,28.999998092651367
2015-02-27,28.564186096191406
2015-03-02,28.704267501831055
2015-03-03,28.764305114746094
2015-03-04,28.581968307495117
2015-03-05,28.108346939086914
2015-03-06,28.150592803955078
2015-03-09,28.270666122436523
2015-03-10,27.685861587524414
2015-03-11,27.181108474731445
2015-03-12,27.672515869140625
2015-03-13,27.481290817260742
2015-03-16,27.783702850341797
2015-03-17,28.24843406677246
2015-03-18,28.5664005279541
2015-03-19,28.350709915161133
2015-03-20,27.99493980407715
2015-03-23,28.28622817993164
2015-03-24,28.170602798461914
2015-03-25,27.43459129333496
2015-03-26,27.625823974609375
2015-03-27,27.40569305419922
2015-03-30,28.09945297241211
2015-03-31,27.668071746826172
2015-04-01,27.628049850463867
2015-04-02,27.86597442626953
2015-04-06,28.317358016967773
2015-04-07,28.019405364990234
2015-04-08,27.928239822387695
2015-04-09,28.141698837280273
2015-04-10,28.26177406311035
2015-04-13,28.206180572509766
2015-04-14,28.083885192871094
2015-04-15,28.190614700317383
2015-04-16,28.054975509643555
2015-04-17,27.739229202270508
2015-04-20,28.372953414916992
2015-04-21,28.21953010559082
2015-04-22,28.599754333496094
2015-04-23,28.833232879638672
2015-04-24,28.968875885009766
2015-04-27,29.495853424072266
2015-04-28,29.031129837036133
2015-04-29,28.604206085205078
2015-04-30,27.82817268371582
2015-05-01,28.673128128051758
2015-05-04,28.617542266845703
2015-05-05,27.972702026367188
2015-05-06,27.797039031982422
2015-05-07,27.968969345092773
2015-05-08,28.495929718017578
2015-05-11,28.205657958984375
2015-05-12,28.105180740356445
2015-05-13,28.136442184448242
2015-05-14,28.792898178100586
2015-05-15,28.75270652770996
2015-05-18,29.069782257080078
2015-05-19,29.042985916137695
2015-05-20,29.040748596191406
2015-05-21,29.337718963623047
2015-05-22,29.594507217407227
2015-05-26,28.942508697509766
2015-05-27,29.48285484313965
2015-05-28,29.424814224243164
2015-05-29,29.089879989624023
2015-06-01,29.14792823791504
2015-06-02,29.018421173095703
2015-06-03,29.05415153503418
2015-06-04,28.884456634521484
2015-06-05,28.725921630859375
2015-06-08,28.5361270904541
2015-06-09,28.451276779174805
2015-06-10,28.77727508544922
2015-06-11,28.712520599365234
2015-06-12,28.395458221435547
2015-06-15,28.339628219604492
2015-06-16,28.49146842956543
2015-06-17,28.424476623535156
2015-06-18,28.553985595703125
2015-06-19,28.26818084716797
2015-06-22,28.493703842163086
2015-06-23,28.364194869995117
2015-06-24,28.6053466796875
2015-06-25,28.469131469726562
2015-06-26,28.301671981811523
2015-06-29,27.805965423583984
2015-06-30,28.006927490234375
2015-07-01,28.26818084716797
2015-07-02,28.232446670532227
2015-07-06,28.13420867919922
2015-07-07,28.06499671936035
2015-07-08,27.368331909179688
2015-07-09,26.81011199951172
2015-07-10,27.526870727539062
2015-07-13,28.05828857421875
2015-07-14,28.047121047973633
2015-07-15,28.317298889160156
2015-07-16,28.694660186767578
2015-07-17,28.942508697509766
2015-07-20,29.489566802978516
2015-07-21,29.19481658935547
2015-07-22,27.960044860839844
2015-07-23,27.946643829345703
2015-07-24,27.799272537231445
2015-07-27,27.41298484802246
2015-07-28,27.5491886138916
2015-07-29,27.462108612060547
2015-07-30,27.32367706298828
2015-07-31,27.084753036499023
2015-08-03,26.446149826049805
2015-08-04,25.59766387939453
2015-08-05,25.767351150512695
2015-08-06,25.823434829711914
2015-08-07,25.910913467407227
2015-08-10,26.852964401245117
2015-08-11,25.455585479736328
2015-08-12,25.84811019897461
2015-08-13,25.827922821044922
2015-08-14,26.009599685668945
2015-08-17,26.27875518798828
2015-08-18,26.130722045898438
2015-08-19,25.796524047851562
2015-08-20,25.26717758178711
2015-08-21,23.721757888793945
2015-08-24,23.129613876342773
2015-08-25,23.268674850463867
2015-08-26,24.60325813293457
2015-08-27,25.327730178833008
2015-08-28,25.410724639892578
2015-08-31,25.291851043701172
2015-09-01,24.1613826751709
2015-09-02,25.197641372680664
2015-09-03,24.755775451660156
2015-09-04,24.50904655456543
2015-09-08,25.190919876098633
2015-09-09,24.7064266204834
2015-09-10,25.24923324584961
2015-09-11,25.61707878112793
2015-09-14,25.863805770874023
2015-09-15,26.08137321472168
2015-09-16,26.11054039001465
2015-09-17,25.55203628540039
2015-09-18,25.446611404418945
2015-09-21,25.841371536254883
2015-09-22,25.435401916503906
2015-09-23,25.641748428344727
2015-09-24,25.794275283813477
2015-09-25,25.729232788085938
2015-09-28,25.220067977905273
2015-09-29,24.461946487426758
2015-09-30,24.740068435668945
2015-10-01,24.578575134277344
2015-10-02,24.758014678955078
2015-10-05,24.84773826599121
2015-10-06,24.966617584228516
2015-10-07,24.84773826599121
2015-10-08,24.560640335083008
2015-10-09,25.14830780029297
2015-10-12,25.031660079956055
2015-10-13,25.074283599853516
2015-10-14,24.719890594482422
2015-10-15,25.089984893798828
2015-10-16,24.906049728393555
2015-10-19,25.06082534790039
2015-10-20,25.518388748168945
2015-10-21,25.516151428222656
2015-10-22,25.906415939331055
2015-10-23,26.70941734313965
2015-10-26,25.85708236694336
2015-10-27,25.693340301513672
2015-10-28,26.75202751159668
2015-10-29,27.034648895263672
2015-10-30,26.803621292114258
2015-11-02,27.18043327331543
2015-11-03,27.492212295532227
2015-11-04,27.36435890197754
2015-11-05,27.238218307495117
2015-11-06,27.269752502441406
2015-11-09,27.159374237060547
2015-11-10,26.303394317626953
2015-11-11,26.154722213745117
2015-11-12,26.066875457763672
2015-11-13,25.30550193786621
2015-11-16,25.7199764251709
2015-11-17,25.609600067138672
2015-11-18,26.420530319213867
2015-11-19,26.756168365478516
2015-11-20,26.8732967376709
2015-11-23,26.52414894104004
2015-11-24,26.778688430786133
2015-11-25,26.587221145629883
2015-11-27,26.53766632080078
2015-11-30,26.648046493530273
2015-12-01,26.431791305541992
2015-12-02,26.193021774291992
2015-12-03,25.949743270874023
2015-12-04,26.81247901916504
2015-12-07,26.643539428710938
2015-12-08,26.632274627685547
2015-12-09,26.04435157775879
2015-12-10,26.168245315551758
2015-12-11,25.494720458984375
2015-12-14,25.337034225463867
2015-12-15,24.888774871826172
2015-12-16,25.080244064331055
2015-12-17,24.548635482788086
2015-12-18,23.88412094116211
2015-12-21,24.176963806152344
2015-12-22,24.154434204101562
2015-12-23,24.465288162231445
2015-12-24,24.334640502929688
2015-12-28,24.06207847595215
2015-12-29,24.494571685791016
2015-12-30,24.17470359802246
2015-12-31,23.710681915283203
2016-01-04,23.730947494506836
2016-01-05,23.136268615722656
2016-01-06,22.683496475219727
2016-01-07,21.72614097595215
2016-01-08,21.841028213500977
2016-01-11,22.194686889648438
2016-01-12,22.516809463500977
2016-01-13,21.937896728515625
2016-01-14,22.41769027709961
2016-01-15,21.879318237304688
2016-01-19,21.773454666137695
2016-01-20,21.802738189697266
2016-01-21,21.692363739013672
2016-01-22,22.84568214416504
2016-01-25,22.399669647216797
2016-01-26,22.52356719970703
2016-01-27,21.04361343383789
2016-01-28,21.194541931152344
2016-01-29,21.926633834838867
2016-02-01,21.721641540527344
2016-02-02,21.282392501831055
2016-02-03,21.703630447387695
2016-02-04,21.878009796142578
2016-02-05,21.2936954498291
2016-02-08,21.51791000366211
2016-02-09,21.51338005065918
2016-02-10,21.35031509399414
2016-02-11,21.221220016479492
2016-02-12,21.286897659301758
2016-02-16,21.887067794799805
2016-02-17,22.222265243530273
2016-02-18,21.801006317138672
2016-02-19,21.751182556152344
2016-02-22,21.941429138183594
2016-02-23,21.445432662963867
2016-02-24,21.764766693115234
2016-02-25,21.914249420166016
2016-02-26,21.948225021362305
2016-02-29,21.898395538330078
2016-03-01,22.76807403564453
2016-03-02,22.817903518676758
2016-03-03,22.987760543823242
2016-03-04,23.32975196838379
2016-03-07,23.071565628051758
2016-03-08,22.88132095336914
2016-03-09,22.901708602905273
2016-03-10,22.913034439086914
2016-03-11,23.159893035888672
2016-03-14,23.218778610229492
2016-03-15,23.685331344604492
2016-03-16,24.000137329101562
2016-03-17,23.961633682250977
2016-03-18,23.988813400268555
2016-03-21,23.98653793334961
2016-03-22,24.16999626159668
2016-03-23,24.0363712310791
2016-03-24,23.932191848754883
2016-03-28,23.8234806060791
2016-03-29,24.38741111755371
2016-03-30,24.813199996948242
2016-03-31,24.684106826782227
2016-04-01,24.91058921813965
2016-04-04,25.166507720947266
2016-04-05,24.869821548461914
2016-04-06,25.130271911621094
2016-04-07,24.582189559936523
2016-04-08,24.6093692779541
2016-04-11,24.69089126586914
2016-04-12,25.01250457763672
2016-04-13,25.3748722076416
2016-04-14,25.388460159301758
2016-04-15,24.878877639770508
2016-04-18,24.342121124267578
2016-04-19,24.213035583496094
2016-04-20,24.262845993041992
2016-04-21,24.000137329101562
2016-04-22,23.93445587158203
2016-04-25,23.798566818237305
2016-04-26,23.633237838745117
2016-04-27,22.15431785583496
2016-04-28,21.477144241333008
2016-04-29,21.230281829833984
2016-05-02,21.207624435424805
2016-05-03,21.556406021118164
2016-05-04,21.332199096679688
2016-05-05,21.245609283447266
2016-05-06,21.127124786376953
2016-05-09,21.143075942993164
2016-05-10,21.28662109375
2016-05-11,21.079265594482422
2016-05-12,20.584815979003906
2016-05-13,20.625831604003906
2016-05-16,21.391441345214844
2016-05-17,21.302574157714844
2016-05-18,21.546382904052734
2016-05-19,21.464351654052734
2016-05-20,21.696767807006836
2016-05-23,21.97247886657715
2016-05-24,22.307430267333984
2016-05-25,22.69934844970703
2016-05-26,22.879358291625977
2016-05-27,22.865684509277344
2016-05-31,22.75403594970703
2016-06-01,22.435033798217773
2016-06-02,22.266414642333984
2016-06-03,22.31199073791504
2016-06-06,22.473766326904297
2016-06-07,22.564916610717773
2016-06-08,22.544404983520508
2016-06-09,22.70619010925293
2016-06-10,22.51934051513672
2016-06-13,22.17983627319336
2016-06-14,22.20717430114746
2016-06-15,22.134260177612305
2016-06-16,22.227680206298828
2016-06-17,21.721830368041992
2016-06-20,21.669429779052734
2016-06-21,21.85399627685547
2016-06-22,21.77196502685547
2016-06-23,21.897279739379883
2016-06-24,21.28206443786621
2016-06-27,20.972177505493164
2016-06-28,21.325353622436523
2016-06-29,21.509923934936523
2016-06-30,21.783353805541992
2016-07-01,21.849437713623047
2016-07-05,21.644357681274414
2016-07-06,21.76740074157715
2016-07-07,21.86082649230957
2016-07-08,22.029449462890625
2016-07-11,22.097797393798828
2016-07-12,22.198057174682617
2016-07-13,22.072742462158203
2016-07-14,22.51023292541504
2016-07-15,22.507949829101562
2016-07-18,22.7471981048584
2016-07-19,22.756319046020508
2016-07-20,22.77682113647461
2016-07-21,22.656057357788086
2016-07-22,22.48061180114746
2016-07-25,22.17983627319336
2016-07-26,22.027162551879883
2016-07-27,23.45812225341797
2016-07-28,23.77484703063965
2016-07-29,23.74522590637207
2016-08-01,24.164491653442383
2016-08-02,23.806747436523438
2016-08-03,24.10524559020996
2016-08-04,24.2541561126709
2016-08-05,24.622995376586914
2016-08-08,24.826887130737305
2016-08-09,24.927692413330078
2016-08-10,24.742122650146484
2016-08-11,24.726091384887695
2016-08-12,24.783363342285156
2016-08-15,25.08118438720703
2016-08-16,25.058279037475586
2016-08-17,25.02161979675293
2016-08-18,24.989540100097656
2016-08-19,25.053691864013672
2016-08-22,24.858964920043945
2016-08-23,24.936847686767578
2016-08-24,24.748992919921875
2016-08-25,24.643613815307617
2016-08-26,24.499290466308594
2016-08-29,24.47179412841797
2016-08-30,24.2839412689209
2016-08-31,24.306846618652344
2016-09-01,24.4511775970459
2016-09-02,24.680269241333008
2016-09-06,24.673389434814453
2016-09-07,24.824604034423828
2016-09-08,24.17396354675293
2016-09-09,23.626440048217773
2016-09-12,24.1556396484375
2016-09-13,24.73067283630371
2016-09-14,25.60580825805664
2016-09-15,26.476362228393555
2016-09-16,26.327457427978516
2016-09-19,26.02046775817871
2016-09-20,26.018177032470703
2016-09-21,26.013593673706055
2016-09-22,26.258724212646484
2016-09-23,25.8211612701416
2016-09-26,25.860095977783203
2016-09-27,25.908212661743164
2016-09-28,26.10523223876953
2016-09-29,25.699735641479492
2016-09-30,25.899045944213867
2016-10-03,25.777629852294922
2016-10-04,25.887590408325195
2016-10-05,25.899045944213867
2016-10-06,26.09148406982422
2016-10-07,26.13043212890625
2016-10-10,26.586326599121094
2016-10-11,26.64360237121582
2016-10-12,26.881860733032227
2016-10-13,26.799386978149414
2016-10-14,26.94829559326172
2016-10-17,26.929967880249023
2016-10-18,26.911649703979492
2016-10-19,26.83146095275879
2016-10-20,26.817707061767578
2016-10-21,26.71233367919922
2016-10-24,26.952877044677734
2016-10-25,27.09033203125
2016-10-26,26.480941772460938
2016-10-27,26.22665023803711
2016-10-28,26.05253791809082
2016-10-31,26.011306762695312
2016-11-01,25.541658401489258
2016-11-02,25.56456756591797
2016-11-03,25.29055404663086
2016-11-04,25.06258773803711
2016-11-07,25.42411231994629
2016-11-08,25.57377815246582
2016-11-09,25.532331466674805
2016-11-10,24.82080078125
2016-11-11,24.968170166015625
2016-11-14,24.34183692932129
2016-11-15,24.664216995239258
2016-11-16,25.327396392822266
2016-11-17,25.318180084228516
2016-11-18,25.343515396118164
2016-11-21,25.728057861328125
2016-11-22,25.74418067932129
2016-11-23,25.6129207611084
2016-11-25,25.741880416870117
2016-11-28,25.69122314453125
2016-11-29,25.6658878326416
2016-11-30,25.449438095092773
2016-12-01,25.21225357055664
2016-12-02,25.306676864624023
2016-12-05,25.124752044677734
2016-12-06,25.318180084228516
2016-12-07,25.56686782836914
2016-12-08,25.8178653717041
2016-12-09,26.23926544189453
2016-12-12,26.089588165283203
2016-12-13,26.524799346923828
2016-12-14,26.524799346923828
2016-12-15,26.669864654541016
2016-12-16,26.704408645629883
2016-12-19,26.858686447143555
2016-12-20,26.930068969726562
2016-12-21,26.955398559570312
2016-12-22,26.778093338012695
2016-12-23,26.8310546875
2016-12-27,27.0014591217041
2016-12-28,26.886323928833008
2016-12-29,26.87941551208496
2016-12-30,26.669864654541016
2017-01-03,26.745859146118164
2017-01-04,26.715923309326172
2017-01-05,26.85178565979004
2017-01-06,27.15113639831543
2017-01-09,27.399816513061523
2017-01-10,27.427452087402344
2017-01-11,27.57482147216797
2017-01-12,27.45969581604004
2017-01-13,27.411333084106445
2017-01-17,27.63239860534668
2017-01-18,27.630088806152344
2017-01-19,27.58173942565918
2017-01-20,27.63239860534668
2017-01-23,27.650814056396484
2017-01-24,27.625490188598633
2017-01-25,28.06529426574707
2017-01-26,28.07912254333496
2017-01-27,28.0814208984375
2017-01-30,28.007736206054688
2017-01-31,27.943260192871094
2017-02-01,29.64725685119629
2017-02-02,29.596599578857422
2017-02-03,29.723243713378906
2017-02-06,30.001873016357422
2017-02-07,30.287405014038086
2017-02-08,30.40484046936035
2017-02-09,30.624547958374023
2017-02-10,30.555166244506836
2017-02-13,30.82575225830078
2017-02-14,31.225845336914062
2017-02-15,31.339168548583984
2017-02-16,31.30216407775879
2017-02-17,31.387741088867188
2017-02-21,31.6143856048584
2017-02-22,31.709199905395508
2017-02-23,31.575063705444336
2017-02-24,31.605133056640625
2017-02-27,31.667570114135742
2017-02-28,31.681453704833984
2017-03-01,32.32899856567383
2017-03-02,32.137046813964844
2017-03-03,32.32667922973633
2017-03-06,32.22491455078125
2017-03-07,32.26656723022461
2017-03-08,32.14628601074219
2017-03-09,32.072296142578125
2017-03-10,32.17866897583008
2017-03-13,32.19255065917969
2017-03-14,32.14398193359375
2017-03-15,32.483943939208984
2017-03-16,32.53712844848633
2017-03-17,32.375244140625
2017-03-20,32.7152214050293
2017-03-21,32.34055709838867
2017-03-22,32.705970764160156
2017-03-23,32.59033203125
2017-03-24,32.525577545166016
2017-03-27,32.58106994628906
2017-03-28,33.256385803222656
2017-03-29,33.330387115478516
2017-03-30,33.28644561767578
2017-03-31,33.22400665283203
2017-04-03,33.23324966430664
2017-04-04,33.48072052001953
2017-04-05,33.30727005004883
2017-04-06,33.22400665283203
2017-04-07,33.14999008178711
2017-04-10,33.11068344116211
2017-04-11,32.75454330444336
2017-04-12,32.79383850097656
2017-04-13,32.62039566040039
2017-04-17,32.80077362060547
2017-04-18,32.655086517333984
2017-04-19,32.53481674194336
2017-04-20,32.941864013671875
2017-04-21,32.90254592895508
2017-04-24,33.219383239746094
2017-04-25,33.42521286010742
2017-04-26,33.2286262512207
2017-04-27,33.25407791137695
2017-04-28,33.221683502197266
2017-05-01,33.899322509765625
2017-05-02,34.1143798828125
2017-05-03,34.01032257080078
2017-05-04,33.887752532958984
2017-05-05,34.449729919433594
2017-05-08,35.3863639831543
2017-05-09,35.6130256652832
2017-05-10,35.444183349609375
2017-05-11,35.750709533691406
2017-05-12,36.24999237060547
2017-05-15,36.15711212158203
2017-05-16,36.10371017456055
2017-05-17,34.89149475097656
2017-05-18,35.423282623291016
2017-05-19,35.54404067993164
2017-05-22,35.760009765625
2017-05-23,35.715877532958984
2017-05-24,35.60905838012695
2017-05-25,35.73213577270508
2017-05-26,35.67176818847656
2017-05-30,35.68569564819336
2017-05-31,35.4743766784668
2017-06-01,35.5719108581543
2017-06-02,36.09904098510742
2017-06-05,35.74605941772461
2017-06-06,35.866817474365234
2017-06-07,36.08047866821289
2017-06-08,35.99223327636719
2017-06-09,34.5965576171875
2017-06-12,33.76984786987305
2017-06-13,34.041561126708984
2017-06-14,33.70947265625
2017-06-15,33.507442474365234
2017-06-16,33.038352966308594
2017-06-19,33.98349380493164
2017-06-20,33.674652099609375
2017-06-21,33.87434768676758
2017-06-22,33.818634033203125
2017-06-23,33.96956253051758
2017-06-26,33.86275100708008
2017-06-27,33.37738800048828
2017-06-28,33.86505126953125
2017-06-29,33.36579132080078
2017-06-30,33.44474411010742
2017-07-03,33.3239860534668
2017-07-05,33.460994720458984
2017-07-06,33.14517593383789
2017-07-07,33.48189926147461
2017-07-10,33.68625259399414
2017-07-11,33.795406341552734
2017-07-12,33.84416961669922
2017-07-13,34.315589904785156
2017-07-14,34.61050033569336
2017-07-17,34.73124694824219
2017-07-18,34.85201644897461
2017-07-19,35.0703125
2017-07-20,34.91238784790039
2017-07-21,34.89613342285156
2017-07-24,35.318782806396484
2017-07-25,35.469730377197266
2017-07-26,35.636932373046875
2017-07-27,34.963478088378906
2017-07-28,34.71732711791992
2017-07-31,34.53850555419922
2017-08-01,34.84503173828125
2017-08-02,36.49149703979492
2017-08-03,36.12692642211914
2017-08-04,36.31733322143555
2017-08-07,36.87931823730469
2017-08-08,37.17422866821289
2017-08-09,37.401817321777344
2017-08-10,36.21050262451172
2017-08-11,36.71406173706055
2017-08-14,37.266597747802734
2017-08-15,37.674591064453125
2017-08-16,37.52305221557617
2017-08-17,36.802669525146484
2017-08-18,36.718746185302734
2017-08-21,36.6511344909668
2017-08-22,37.250282287597656
2017-08-23,37.29690933227539
2017-08-24,37.13138198852539
2017-08-25,37.2689323425293
2017-08-28,37.644283294677734
2017-08-29,37.979984283447266
2017-08-30,38.08257293701172
2017-08-31,38.234107971191406
2017-09-01,38.24578094482422
2017-09-05,37.7864990234375
2017-09-06,37.74686050415039
2017-09-07,37.59532928466797
2017-09-08,36.982173919677734
2017-09-11,37.651275634765625
2017-09-12,37.502071380615234
2017-09-13,37.219970703125
2017-09-14,36.900577545166016
2017-09-15,37.27360534667969
2017-09-18,36.99150085449219
2017-09-19,37.0054931640625
2017-09-20,36.38536071777344
2017-09-21,35.760555267333984
2017-09-22,35.410850524902344
2017-09-25,35.09845733642578
2017-09-26,35.702266693115234
2017-09-27,35.95637893676758
2017-09-28,35.73491287231445
2017-09-29,35.930747985839844
2017-10-02,35.85847473144531
2017-10-03,36.01466751098633
2017-10-04,35.78152847290039
2017-10-05,36.22681427001953
2017-10-06,36.205848693847656
2017-10-09,36.33174133300781
2017-10-10,36.34571838378906
2017-10-11,36.497257232666016
2017-10-12,36.36903381347656
2017-10-13,36.5998420715332
2017-10-16,37.27360534667969
2017-10-17,37.41114807128906
2017-10-18,37.24562454223633
2017-10-19,36.3643684387207
2017-10-20,36.42731475830078
2017-10-23,36.408668518066406
2017-10-24,36.625484466552734
2017-10-25,36.46461486816406
2017-10-26,36.69774627685547
2017-10-27,38.012638092041016
2017-10-30,38.86823272705078
2017-10-31,39.40910339355469
2017-11-01,38.90787124633789
2017-11-02,39.192298889160156
2017-11-03,40.21575927734375
2017-11-06,40.623741149902344
2017-11-07,40.754310607910156
2017-11-08,41.08768081665039
2017-11-09,41.003761291503906
2017-11-10,40.868045806884766
2017-11-13,40.704261779785156
2017-11-14,40.08891677856445
2017-11-15,39.560142517089844
2017-11-16,40.03278350830078
2017-11-17,39.81050109863281
2017-11-20,39.770713806152344
2017-11-21,40.51006317138672
2017-11-22,40.9359016418457
2017-11-24,40.93824768066406
2017-11-27,40.73234558105469
2017-11-28,40.49369812011719
2017-11-29,39.65372848510742
2017-11-30,40.20824432373047
2017-12-01,40.02106857299805
2017-12-04,39.728607177734375
2017-12-05,39.69116973876953
2017-12-06,39.54375457763672
2017-12-07,39.61629867553711
2017-12-08,39.627994537353516
2017-12-11,40.40010070800781
2017-12-12,40.17314529418945
2017-12-13,40.3065185546875
2017-12-14,40.29482650756836
2017-12-15,40.704261779785156
2017-12-18,41.27750778198242
2017-12-19,40.8376350402832
2017-12-20,40.793190002441406
2017-12-21,40.947601318359375
2017-12-22,40.947601318359375
2017-12-26,39.90876388549805
2017-12-27,39.91579055786133
2017-12-28,40.02808380126953
2017-12-29,39.595237731933594
2018-01-02,40.30416488647461
2018-01-03,40.297149658203125
2018-01-04,40.484336853027344
2018-01-05,40.94525909423828
2018-01-08,40.793190002441406
2018-01-09,40.78850555419922
2018-01-10,40.77913284301758
2018-01-11,41.01077651977539
2018-01-12,41.43426513671875
2018-01-16,41.22368621826172
2018-01-17,41.90454864501953
2018-01-18,41.941986083984375
2018-01-19,41.75480651855469
2018-01-22,41.413204193115234
2018-01-23,41.42255401611328
2018-01-24,40.76277160644531
2018-01-25,40.03511047363281
2018-01-26,40.12869644165039
2018-01-29,39.298095703125
2018-01-30,39.066463470458984
2018-01-31,39.17408752441406
2018-02-01,39.2559814453125
2018-02-02,37.55265426635742
2018-02-05,36.614418029785156
2018-02-06,38.14461135864258
2018-02-07,37.328041076660156
2018-02-08,36.30088806152344
2018-02-09,36.74489974975586
2018-02-12,38.22494888305664
2018-02-13,38.60787582397461
2018-02-14,39.31970977783203
2018-02-15,40.639991760253906
2018-02-16,40.50844192504883
2018-02-20,40.37217712402344
2018-02-21,40.188941955566406
2018-02-22,40.52488327026367
2018-02-23,41.22966003417969
2018-02-26,42.044864654541016
2018-02-27,41.90860366821289
2018-02-28,41.84516906738281
2018-03-01,41.11219787597656
2018-03-02,41.39645767211914
2018-03-05,41.539772033691406
2018-03-06,41.504520416259766
2018-03-07,41.11924743652344
2018-03-08,41.567955017089844
2018-03-09,42.28213882446289
2018-03-12,42.6909065246582
2018-03-13,42.27979278564453
2018-03-14,41.920352935791016
2018-03-15,41.96969985961914
2018-03-16,41.821678161621094
2018-03-19,41.182682037353516
2018-03-20,41.1685905456543
2018-03-21,40.23591995239258
2018-03-22,39.66740798950195
2018-03-23,38.748836517333984
2018-03-26,40.588314056396484
2018-03-27,39.547584533691406
2018-03-28,39.110618591308594
2018-03-29,39.41603469848633
2018-04-02,39.15761184692383
2018-04-03,39.5593376159668
2018-04-04,40.31580352783203
2018-04-05,40.595359802246094
2018-04-06,39.55699157714844
2018-04-09,39.949317932128906
2018-04-10,40.70108413696289
2018-04-11,40.51079177856445
2018-04-12,40.9101676940918
2018-04-13,41.04877471923828
2018-04-16,41.30484390258789
2018-04-17,41.873374938964844
2018-04-18,41.77939224243164
2018-04-19,40.595359802246094
2018-04-20,38.93207931518555
2018-04-23,38.819313049316406
2018-04-24,38.27898025512695
2018-04-25,38.445770263671875
2018-04-26,38.57969284057617
2018-04-27,38.13333511352539
2018-04-30,38.824005126953125
2018-05-01,39.726131439208984
2018-05-02,41.481048583984375
2018-05-03,41.556209564208984
2018-05-04,43.18661117553711
2018-05-07,43.49906539916992
2018-05-08,43.7081298828125
2018-05-09,44.015899658203125
2018-05-10,44.64550018310547
2018-05-11,44.475711822509766
2018-05-14,44.37192916870117
2018-05-15,43.968658447265625
2018-05-16,44.379005432128906
2018-05-17,44.09837341308594
2018-05-18,43.9379997253418
2018-05-21,44.249290466308594
2018-05-22,44.13845443725586
2018-05-23,44.42145538330078
2018-05-24,44.37192916870117
2018-05-25,44.47334671020508
2018-05-29,44.31297302246094
2018-05-30,44.21864700317383
2018-05-31,44.070072174072266
2018-06-01,44.864830017089844
2018-06-04,45.23979187011719
2018-06-05,45.588829040527344
2018-06-06,45.746829986572266
2018-06-07,45.624202728271484
2018-06-08,45.209136962890625
2018-06-11,45.09830093383789
2018-06-12,45.34593963623047
2018-06-13,44.973297119140625
2018-06-14,44.99689483642578
2018-06-15,44.5346565246582
2018-06-18,44.511077880859375
2018-06-19,43.79177474975586
2018-06-20,43.98280334472656
2018-06-21,43.73755645751953
2018-06-22,43.610198974609375
2018-06-25,42.961647033691406
2018-06-26,43.4946403503418
2018-06-27,43.430946350097656
2018-06-28,43.746978759765625
2018-06-29,43.65501022338867
2018-07-02,44.14316940307617
2018-07-03,43.37436294555664
2018-07-05,43.723384857177734
2018-07-06,44.32948303222656
2018-07-09,44.945003509521484
2018-07-10,44.89076614379883
2018-07-11,44.30825424194336
2018-07-12,45.0511360168457
2018-07-13,45.12188720703125
2018-07-16,45.0228385925293
2018-07-17,45.150177001953125
2018-07-18,44.90256118774414
2018-07-19,45.251590728759766
2018-07-20,45.1478271484375
2018-07-23,45.187904357910156
2018-07-24,45.51572799682617
2018-07-25,45.944950103759766
2018-07-26,45.801082611083984
2018-07-27,45.039337158203125
2018-07-30,44.7869987487793
2018-07-31,44.876617431640625
2018-08-01,47.52029800415039
2018-08-02,48.909366607666016
2018-08-03,49.05086135864258
2018-08-06,49.30555725097656
2018-08-07,48.84333801269531
2018-08-08,48.8763427734375
2018-08-09,49.2607536315918
2018-08-10,49.11402130126953
2018-08-13,49.431148529052734
2018-08-14,49.639404296875
2018-08-15,49.755367279052734
2018-08-16,50.48427200317383
2018-08-17,51.49244689941406
2018-08-20,50.99073791503906
2018-08-21,50.891334533691406
2018-08-22,50.893699645996094
2018-08-23,50.997833251953125
2018-08-24,51.156394958496094
2018-08-27,51.5776481628418
2018-08-28,51.994178771972656
2018-08-29,52.77041244506836
2018-08-30,53.25556182861328
2018-08-31,53.870880126953125
2018-09-04,54.04364776611328
2018-09-05,53.691009521484375
2018-09-06,52.79881286621094
2018-09-07,52.37282943725586
2018-09-10,51.66994857788086
2018-09-11,52.976322174072266
2018-09-12,52.318397521972656
2018-09-13,53.582157135009766
2018-09-14,52.97393798828125
2018-09-17,51.56344223022461
2018-09-18,51.648651123046875
2018-09-19,51.67940902709961
2018-09-20,52.072269439697266
2018-09-21,51.511390686035156
2018-09-24,52.25212860107422
2018-09-25,52.58345031738281
2018-09-26,52.16456604003906
2018-09-27,53.236637115478516
2018-09-28,53.4235954284668
2018-10-01,53.7833251953125
2018-10-02,54.261383056640625
2018-10-03,54.92165756225586
2018-10-04,53.956077575683594
2018-10-05,53.0804328918457
2018-10-08,52.957374572753906
2018-10-09,53.691009521484375
2018-10-10,51.203731536865234
2018-10-11,50.751712799072266
2018-10-12,52.56452560424805
2018-10-15,51.44038772583008
2018-10-16,52.5739860534668
2018-10-17,52.3468017578125
2018-10-18,51.123260498046875
2018-10-19,51.90187454223633
2018-10-22,52.218997955322266
2018-10-23,52.71125030517578
2018-10-24,50.903167724609375
2018-10-25,52.017845153808594
2018-10-26,51.18952178955078
2018-10-29,50.228694915771484
2018-10-30,50.47954177856445
2018-10-31,51.79538345336914
2018-11-01,52.590553283691406
2018-11-02,49.10219192504883
2018-11-05,47.708251953125
2018-11-06,48.224178314208984
2018-11-07,49.68673324584961
2018-11-08,49.51337814331055
2018-11-09,48.558692932128906
2018-11-12,46.112579345703125
2018-11-13,45.651859283447266
2018-11-14,44.362327575683594
2018-11-15,45.457115173339844
2018-11-16,45.960601806640625
2018-11-19,44.13907241821289
2018-11-20,42.03020477294922
2018-11-21,41.982696533203125
2018-11-23,40.9163818359375
2018-11-26,41.46973419189453
2018-11-27,41.37949752807617
2018-11-28,42.97063446044922
2018-11-29,42.64054489135742
2018-11-30,42.41019058227539
2018-12-03,43.89208984375
2018-12-04,41.96133041381836
2018-12-06,41.49348449707031
2018-12-07,40.01395034790039
2018-12-10,40.277557373046875
2018-12-11,40.04719161987305
2018-12-12,40.1588249206543
2018-12-13,40.598167419433594
2018-12-14,39.29912185668945
2018-12-17,38.93339538574219
2018-12-18,39.439231872558594
2018-12-19,38.20905685424805
2018-12-20,37.244873046875
2018-12-21,35.79621505737305
2018-12-24,34.87001037597656
2018-12-26,37.32562255859375
2018-12-27,37.08338928222656
2018-12-28,37.10237121582031
2018-12-31,37.46098327636719
2019-01-02,37.503726959228516
2019-01-03,33.76808166503906
2019-01-04,35.20961380004883
2019-01-07,35.13125228881836
2019-01-08,35.80096435546875
2019-01-09,36.40891647338867
2019-01-10,36.5252799987793
2019-01-11,36.16667938232422
2019-01-14,35.62284469604492
2019-01-15,36.35191345214844
2019-01-16,36.796024322509766
2019-01-17,37.01449966430664
2019-01-18,37.24249267578125
2019-01-22,36.406532287597656
2019-01-23,36.55379104614258
2019-01-24,36.26405334472656
2019-01-25,37.46573257446289
2019-01-28,37.11900329589844
2019-01-29,36.73427200317383
2019-01-30,39.24449920654297
2019-01-31,39.527103424072266
2019-02-01,39.546104431152344
2019-02-04,40.66939926147461
2019-02-05,41.36524200439453
2019-02-06,41.37949752807617
2019-02-07,40.595787048339844
2019-02-08,40.64349365234375
2019-02-11,40.40975570678711
2019-02-12,40.757965087890625
2019-02-13,40.5886344909668
2019-02-14,40.73651123046875
2019-02-15,40.6458625793457
2019-02-19,40.767513275146484
2019-02-20,41.02986145019531
2019-02-21,40.79852294921875
2019-02-22,41.254051208496094
2019-02-25,41.55457305908203
2019-02-26,41.578426361083984
2019-02-27,41.70722198486328
2019-02-28,41.296993255615234
2019-03-01,41.73106384277344
2019-03-04,41.94095230102539
2019-03-05,41.8646354675293
2019-03-06,41.623741149902344
2019-03-07,41.14195251464844
2019-03-08,41.23975372314453
2019-03-11,42.66838836669922
2019-03-12,43.14777755737305
2019-03-13,43.338584899902344
2019-03-14,43.82036590576172
2019-03-15,44.390380859375
2019-03-18,44.843544006347656
2019-03-19,44.48818588256836
2019-03-20,44.87693786621094
2019-03-21,46.5297737121582
2019-03-22,45.566219329833984
2019-03-25,45.015262603759766
2019-03-26,44.55017852783203
2019-03-27,44.95086669921875
2019-03-28,45.01049041748047
2019-03-29,45.303863525390625
2019-04-01,45.61153793334961
2019-04-02,46.27456283569336
2019-04-03,46.59178924560547
2019-04-04,46.67287826538086
2019-04-05,46.985313415527344
2019-04-08,47.72468185424805
2019-04-09,47.58156967163086
2019-04-10,47.84870147705078
2019-04-11,47.45038986206055
2019-04-12,47.43131637573242
2019-04-15,47.51716613769531
2019-04-16,47.521949768066406
2019-04-17,48.44734573364258
2019-04-18,48.62144470214844
2019-04-22,48.78125
2019-04-23,49.48482894897461
2019-04-24,49.408512115478516
2019-04-25,48.96012878417969
2019-04-26,48.72639465332031
2019-04-29,48.80032730102539
2019-04-30,47.860618591308594
2019-05-01,50.20989227294922
2019-05-02,49.883148193359375
2019-05-03,50.503238677978516
2019-05-06,49.72333526611328
2019-05-07,48.382938385009766
2019-05-08,48.392486572265625
2019-05-09,47.872554779052734
2019-05-10,47.209346771240234
2019-05-13,44.46556091308594
2019-05-14,45.16947555541992
2019-05-15,45.7105598449707
2019-05-16,45.50943374633789
2019-05-17,45.250877380371094
2019-05-20,43.83589172363281
2019-05-21,44.67626190185547
2019-05-22,43.76165771484375
2019-05-23,43.01467514038086
2019-05-24,42.849464416503906
2019-05-28,42.67228698730469
2019-05-29,42.46877670288086
2019-05-30,42.689048767089844
2019-05-31,41.91572189331055
2019-06-03,41.4919319152832
2019-06-04,43.00987243652344
2019-06-05,43.70420837402344
2019-06-06,44.34585952758789
2019-06-07,45.526206970214844
2019-06-10,46.10801696777344
2019-06-11,46.64192581176758
2019-06-12,46.49347686767578
2019-06-13,46.48390197753906
2019-06-14,46.14632034301758
2019-06-17,46.42163848876953
2019-06-18,47.513427734375
2019-06-19,47.374549865722656
2019-06-20,47.755226135253906
2019-06-21,47.5924186706543
2019-06-24,47.54454803466797
2019-06-25,46.82387924194336
2019-06-26,47.83663558959961
2019-06-27,47.8222770690918
2019-06-28,47.38652801513672
2019-07-01,48.25563049316406
2019-07-02,48.538143157958984
2019-07-03,48.94038009643555
2019-07-05,48.89728546142578
2019-07-08,47.88931655883789
2019-07-09,48.181396484375
2019-07-10,48.65785217285156
2019-07-11,48.30350875854492
2019-07-12,48.67460632324219
2019-07-15,49.13191604614258
2019-07-16,48.961917877197266
2019-07-17,48.68658447265625
2019-07-18,49.23965072631836
2019-07-19,48.50461196899414
2019-07-22,49.61314392089844
2019-07-23,50.00101852416992
2019-07-24,49.9603157043457
2019-07-25,49.565269470214844
2019-07-26,49.73765563964844
2019-07-29,50.20214080810547
2019-07-30,49.98664855957031
2019-07-31,51.00659942626953
2019-08-01,49.902854919433594
2019-08-02,48.84700393676758
2019-08-05,46.28996658325195
2019-08-06,47.166259765625
2019-08-07,47.6546745300293
2019-08-08,48.70573425292969
2019-08-09,48.30438232421875
2019-08-12,48.181819915771484
2019-08-13,50.222232818603516
2019-08-14,48.72737503051758
2019-08-15,48.48463821411133
2019-08-16,49.62861251831055
2019-08-19,50.55390167236328
2019-08-20,50.556297302246094
2019-08-21,51.1042594909668
2019-08-22,51.06099319458008
2019-08-23,48.70093536376953
2019-08-26,49.6262092590332
2019-08-27,49.06623840332031
2019-08-28,49.395503997802734
2019-08-29,50.23185348510742
2019-08-30,50.166969299316406
2019-09-03,49.43634796142578
2019-09-04,50.275108337402344
2019-09-05,51.2580680847168
2019-09-06,51.253265380859375
2019-09-09,51.47196578979492
2019-09-10,52.08000183105469
2019-09-11,53.73590087890625
2019-09-12,53.6157341003418
2019-09-13,52.572689056396484
2019-09-16,52.84906005859375
2019-09-17,53.04133605957031
2019-09-18,53.5388298034668
2019-09-19,53.103824615478516
2019-09-20,52.327545166015625
2019-09-23,52.56547164916992
2019-09-24,52.31552505493164
2019-09-25,53.12063217163086
2019-09-26,52.84666061401367
2019-09-27,52.589508056640625
2019-09-30,53.82722091674805
2019-10-01,53.976219177246094
2019-10-02,52.6231575012207
2019-10-03,53.07017517089844
2019-10-04,54.55781936645508
2019-10-07,54.56983947753906
2019-10-08,53.93056869506836
2019-10-09,54.56263732910156
2019-10-10,55.29804992675781
2019-10-11,56.76887893676758
2019-10-14,56.687171936035156
2019-10-15,56.55499267578125
2019-10-16,56.32666778564453
2019-10-17,56.54539108276367
2019-10-18,56.816959381103516
2019-10-21,57.80232238769531
2019-10-22,57.67013168334961
2019-10-23,58.44400405883789
2019-10-24,58.540138244628906
2019-10-25,59.261131286621094
2019-10-28,59.85475158691406
2019-10-29,58.4704475402832
2019-10-30,58.46323013305664
2019-10-31,59.785057067871094
2019-11-01,61.4818115234375
2019-11-04,61.885562896728516
2019-11-05,61.796653747558594
2019-11-06,61.82307052612305
2019-11-07,62.536590576171875
2019-11-08,62.70774459838867
2019-11-11,63.20431900024414
2019-11-12,63.14645004272461
2019-11-13,63.751502990722656
2019-11-14,63.31039047241211
2019-11-15,64.06248474121094
2019-11-18,64.38549041748047
2019-11-19,64.19023895263672
2019-11-20,63.44296646118164
2019-11-21,63.15851974487305
2019-11-22,63.10308837890625
2019-11-25,64.20951843261719
2019-11-26,63.70812225341797
2019-11-27,64.5638427734375
2019-11-29,64.42163848876953
2019-12-02,63.67677688598633
2019-12-03,62.54143142700195
2019-12-04,63.09342575073242
2019-12-05,64.01905059814453
2019-12-06,65.25567626953125
2019-12-09,64.34208679199219
2019-12-10,64.71814727783203
2019-12-11,65.2701416015625
2019-12-12,65.43648529052734
2019-12-13,66.32596588134766
2019-12-16,67.46129608154297
2019-12-17,67.5938949584961
2019-12-18,67.43241882324219
2019-12-19,67.49988555908203
2019-12-20,67.36007690429688
2019-12-23,68.45929718017578
2019-12-24,68.52436065673828
2019-12-26,69.88392639160156
2019-12-27,69.85740661621094
2019-12-30,70.27201843261719
2019-12-31,70.78545379638672
2020-01-02,72.40052795410156
2020-01-03,71.6966323852539
2020-01-06,72.2679443359375
2020-01-07,71.92803955078125
2020-01-08,73.08509826660156
2020-01-09,74.63748931884766
2020-01-10,74.80622863769531
2020-01-13,76.4044189453125
2020-01-14,75.3727035522461
2020-01-15,75.04969024658203
2020-01-16,75.98979949951172
2020-01-17,76.83110046386719
2020-01-21,76.3104019165039
2020-01-22,76.58281707763672
2020-01-23,76.95161437988281
2020-01-24,76.72985076904297
2020-01-27,74.47357177734375
2020-01-28,76.58038330078125
2020-01-29,78.18338775634766
2020-01-30,78.07009887695312
2020-01-31,74.60856628417969
2020-02-03,74.40367126464844
2020-02-04,76.86002349853516
2020-02-05,77.48674011230469
2020-02-06,78.39310455322266
2020-02-07,77.32754516601562
2020-02-10,77.69480895996094
2020-02-11,77.22605895996094
2020-02-12,79.06001281738281
2020-02-13,78.49701690673828
2020-02-14,78.51634979248047
2020-02-18,77.07865142822266
2020-02-19,78.19497680664062
2020-02-20,77.39277648925781
2020-02-21,75.64098358154297
2020-02-24,72.04801940917969
2020-02-25,69.60758209228516
2020-02-26,70.71183013916016
2020-02-27,66.08951568603516
2020-02-28,66.05084991455078
2020-03-02,72.20023345947266
2020-03-03,69.90721893310547
2020-03-04,73.14983367919922
2020-03-05,70.77708435058594
2020-03-06,69.83715057373047
2020-03-09,64.3135757446289
2020-03-10,68.9455337524414
2020-03-11,66.55101776123047
2020-03-12,59.978797912597656
2020-03-13,67.16474151611328
2020-03-16,58.52422332763672
2020-03-17,61.097537994384766
2020-03-18,59.601863861083984
2020-03-19,59.14519119262695
2020-03-20,55.39033126831055
2020-03-23,54.21359634399414
2020-03-24,59.652610778808594
2020-03-25,59.324005126953125
2020-03-26,62.445804595947266
2020-03-27,59.860408782958984
2020-03-30,61.56870651245117
2020-03-31,61.44305419921875
2020-04-01,58.21010971069336
2020-04-02,59.181434631347656
2020-04-03,58.33091354370117
2020-04-06,63.41954803466797
2020-04-07,62.68501663208008
2020-04-08,64.2894058227539
2020-04-09,64.75332641601562
2020-04-13,66.0242691040039
2020-04-14,69.35871887207031
2020-04-15,68.72565460205078
2020-04-16,69.27174377441406
2020-04-17,68.33182525634766
2020-04-20,66.91349029541016
2020-04-21,64.84513854980469
2020-04-22,66.7129135131836
2020-04-23,66.4543685913086
2020-04-24,68.3729019165039
2020-04-27,68.42121887207031
2020-04-28,67.31216430664062
2020-04-29,69.52303314208984
2020-04-30,70.98970031738281
2020-05-01,69.8468017578125
2020-05-04,70.83505249023438
2020-05-05,71.89820098876953
2020-05-06,72.63999938964844
2020-05-07,73.3914566040039
2020-05-08,75.13829803466797
2020-05-11,76.32061004638672
2020-05-12,75.44841003417969
2020-05-13,74.53743743896484
2020-05-14,74.99534606933594
2020-05-15,74.55197143554688
2020-05-18,76.30850219726562
2020-05-19,75.8675537109375
2020-05-20,77.34306335449219
2020-05-21,76.76639556884766
2020-05-22,77.26068115234375
2020-05-26,76.7373275756836
2020-05-27,77.07168579101562
2020-05-28,77.10562133789062
2020-05-29,77.03050994873047
2020-06-01,77.97782135009766
2020-06-02,78.33881378173828
2020-06-03,78.77007293701172
2020-06-04,78.09169006347656
2020-06-05,80.3158187866211
2020-06-08,80.79068756103516
2020-06-09,83.3418960571289
2020-06-10,85.4860610961914
2020-06-11,81.38185119628906
2020-06-12,82.0844497680664
2020-06-15,83.09959411621094
2020-06-16,85.30193328857422
2020-06-17,85.1832275390625
2020-06-18,85.2171401977539
2020-06-19,84.73015594482422
2020-06-22,86.94700622558594
2020-06-23,88.80289459228516
2020-06-24,87.23533630371094
2020-06-25,88.39344787597656
2020-06-26,85.6774673461914
2020-06-29,87.65205383300781
2020-06-30,88.38374328613281
2020-07-01,88.21656036376953
2020-07-02,88.21656036376953
2020-07-06,90.57637786865234
2020-07-07,90.29532623291016
2020-07-08,92.39832305908203
2020-07-09,92.79566192626953
2020-07-10,92.95797729492188
2020-07-13,92.52915954589844
2020-07-14,94.06037139892578
2020-07-15,94.70722961425781
2020-07-16,93.54187774658203
2020-07-17,93.3529052734375
2020-07-20,95.32020568847656
2020-07-21,94.004638671875
2020-07-22,94.26873016357422
2020-07-23,89.9779281616211
2020-07-24,89.75503540039062
2020-07-27,91.88225555419922
2020-07-28,90.37286376953125
2020-07-29,92.10516357421875
2020-07-30,93.21964263916016
2020-07-31,102.97869110107422
2020-08-03,105.5735092163086
2020-08-04,106.27855682373047
2020-08-05,106.66376495361328
2020-08-06,110.38518524169922
2020-08-07,107.87549591064453
2020-08-10,109.44344329833984
2020-08-11,106.1886215209961
2020-08-12,109.71772003173828
2020-08-13,111.65945434570312
2020-08-14,111.55992889404297
2020-08-17,111.26866149902344
2020-08-18,112.19585418701172
2020-08-19,112.33661651611328
2020-08-20,114.82933044433594
2020-08-21,120.74678802490234
2020-08-24,122.19092559814453
2020-08-25,121.18851470947266
2020-08-26,122.8365707397461
2020-08-27,121.36811828613281
2020-08-28,121.17152404785156
2020-08-31,125.28068542480469
2020-09-01,130.27096557617188
2020-09-02,127.57197570800781
2020-09-03,117.35845947265625
2020-09-04,117.43610382080078
2020-09-08,109.53325653076172
2020-09-09,113.90213775634766
2020-09-10,110.18372344970703
2020-09-11,108.73715209960938
2020-09-14,111.99925994873047
2020-09-15,112.17400360107422
2020-09-16,108.86334228515625
2020-09-17,107.12548828125
2020-09-18,103.72745513916016
2020-09-21,106.87308502197266
2020-09-22,108.55266571044922
2020-09-23,103.99931335449219
2020-09-24,105.06725311279297
2020-09-25,109.00897216796875
2020-09-28,111.61092376708984
2020-09-29,110.76626586914062
2020-09-30,112.4361343383789
2020-10-01,113.38758087158203
2020-10-02,109.72742462158203
2020-10-05,113.10604095458984
2020-10-06,109.86335754394531
2020-10-07,111.7274169921875
2020-10-08,111.62060546875
2020-10-09,113.56233978271484
2020-10-12,120.77589416503906
2020-10-13,117.57202911376953
2020-10-14,117.6594009399414
2020-10-15,117.19337463378906
2020-10-16,115.55262756347656
2020-10-19,112.6011962890625
2020-10-20,114.08660888671875
2020-10-21,113.46527862548828
2020-10-22,112.37789916992188
2020-10-23,111.68856811523438
2020-10-26,111.69828033447266
2020-10-27,113.20310974121094
2020-10-28,107.96043395996094
2020-10-29,111.96041107177734
2020-10-30,105.68862915039062
2020-11-02,105.60122680664062
2020-11-03,107.22258758544922
2020-11-04,111.6011962890625
2020-11-05,115.56233215332031
2020-11-06,115.43106079101562
2020-11-09,113.12612915039062
2020-11-10,112.78572845458984
2020-11-11,116.20909118652344
2020-11-12,115.936767578125
2020-11-13,115.98538208007812
2020-11-16,116.99683380126953
2020-11-17,116.11183166503906
2020-11-18,114.78917694091797
2020-11-19,115.3824234008789
2020-11-20,114.11810302734375
2020-11-23,110.72392272949219
2020-11-24,112.0076904296875
2020-11-25,112.8440933227539
2020-11-27,113.38868713378906
2020-11-30,115.78116607666016
2020-12-01,119.35040283203125
2020-12-02,119.70049285888672
2020-12-03,119.56436157226562
2020-12-04,118.89330291748047
2020-12-07,120.35211181640625
2020-12-08,120.96481323242188
2020-12-09,118.43620300292969
2020-12-10,119.85611724853516
2020-12-11,119.04889678955078
2020-12-14,118.43620300292969
2020-12-15,124.36870574951172
2020-12-16,124.3006362915039
2020-12-17,125.16617584228516
2020-12-18,123.18221282958984
2020-12-21,124.70909118652344
2020-12-22,128.2588653564453
2020-12-23,127.3641586303711
2020-12-24,128.34640502929688
2020-12-28,132.93679809570312
2020-12-29,131.166748046875
2020-12-30,130.04832458496094
2020-12-31,129.04664611816406
2021-01-04,125.85669708251953
2021-01-05,127.41275787353516
2021-01-06,123.12385559082031
2021-01-07,127.3252182006836
2021-01-08,128.42422485351562
2021-01-11,125.43850708007812
2021-01-12,125.2634506225586
2021-01-13,127.29606628417969
2021-01-14,125.37043762207031
2021-01-15,123.64900970458984
2021-01-19,124.3200912475586
2021-01-20,128.40475463867188
2021-01-21,133.1118621826172
2021-01-22,135.25149536132812
2021-01-25,138.99575805664062
2021-01-26,139.22915649414062
2021-01-27,138.15933227539062
2021-01-28,133.3258056640625
2021-01-29,128.336669921875
2021-02-01,130.45681762695312
2021-02-02,131.28350830078125
2021-02-03,130.26231384277344
2021-02-04,133.61761474609375
2021-02-05,133.20364379882812
2021-02-08,133.3497772216797
2021-02-09,132.47312927246094
2021-02-10,131.8692626953125
2021-02-11,131.6160125732422
2021-02-12,131.8497772216797
2021-02-16,129.7264862060547
2021-02-17,127.43758392333984
2021-02-18,126.33700561523438
2021-02-19,126.49275970458984
2021-02-22,122.72344970703125
2021-02-23,122.58707427978516
2021-02-24,122.09036254882812
2021-02-25,117.84371948242188
2021-02-26,118.10671997070312
2021-03-01,124.4668960571289
2021-03-02,121.8663330078125
2021-03-03,118.88589477539062
2021-03-04,117.0060806274414
2021-03-05,118.26253509521484
2021-03-08,113.3341293334961
2021-03-09,117.94110870361328
2021-03-10,116.86000061035156
2021-03-11,118.78848266601562
2021-03-12,117.88268280029297
2021-03-15,120.76568603515625
2021-03-16,122.30463409423828
2021-03-17,121.51570129394531
2021-03-18,117.39567565917969
2021-03-19,116.86972045898438
2021-03-22,120.18131256103516
2021-03-23,119.35342407226562
2021-03-24,116.96713256835938
2021-03-25,117.4541244506836
2021-03-26,118.0579833984375
2021-03-29,118.23332214355469
2021-03-30,116.78206634521484
2021-03-31,118.97355651855469
2021-04-01,119.80146026611328
2021-04-05,122.62603759765625
2021-04-06,122.92798614501953
2021-04-07,124.57402801513672
2021-04-08,126.97003936767578
2021-04-09,129.54141235351562
2021-04-12,127.82719421386719
2021-04-13,130.93418884277344
2021-04-14,128.59661865234375
2021-04-15,131.00244140625
2021-04-16,130.6712188720703
2021-04-19,131.33352661132812
2021-04-20,129.64854431152344
2021-04-21,130.02838134765625
2021-04-22,128.50900268554688
2021-04-23,130.8270721435547
2021-04-26,131.21669006347656
2021-04-27,130.89527893066406
2021-04-28,130.10635375976562
2021-04-29,130.00892639160156
2021-04-30,128.0414581298828
2021-05-03,129.09335327148438
2021-05-04,124.52532958984375
2021-05-05,124.7688217163086
2021-05-06,126.3662109375
2021-05-07,127.03938293457031
2021-05-10,123.76119995117188
2021-05-11,122.84407806396484
2021-05-12,119.78054809570312
2021-05-13,121.92699432373047
2021-05-14,124.3465805053711
2021-05-17,123.19529724121094
2021-05-18,121.8099136352539
2021-05-19,121.65379333496094
2021-05-20,124.20999908447266
2021-05-21,122.37577056884766
2021-05-24,124.0051040649414
2021-05-25,123.80998992919922
2021-05-26,123.76119995117188
2021-05-27,122.22942352294922
2021-05-28,121.57574462890625
2021-06-01,121.25376892089844
2021-06-02,122.0147705078125
2021-06-03,120.53179931640625
2021-06-04,122.82457733154297
2021-06-07,122.83432006835938
2021-06-08,123.65386962890625
2021-06-09,124.03439331054688
2021-06-10,123.03921508789062
2021-06-11,124.2490234375
2021-06-14,127.30281829833984
2021-06-15,126.48326110839844
2021-06-16,126.98081970214844
2021-06-17,128.5808868408203
2021-06-18,127.28327178955078
2021-06-21,129.0784912109375
2021-06-22,130.71759033203125
2021-06-23,130.4443817138672
2021-06-24,130.16146850585938
2021-06-25,129.8687744140625
2021-06-28,131.49810791015625
2021-06-29,133.01039123535156
2021-06-30,133.62503051757812
2021-07-01,133.9274444580078
2021-07-02,136.55198669433594
2021-07-06,138.56178283691406
2021-07-07,141.04969787597656
2021-07-08,139.75210571289062
2021-07-09,141.5765838623047
2021-07-12,140.98143005371094
2021-07-13,142.09364318847656
2021-07-14,145.51815795898438
2021-07-15,144.86447143554688
2021-07-16,142.8253936767578
2021-07-19,138.98130798339844
2021-07-20,142.59121704101562
2021-07-21,141.8594970703125
2021-07-22,143.2254180908203
2021-07-23,144.94256591796875
2021-07-26,145.36207580566406
2021-07-27,143.1961669921875
2021-07-28,141.44973754882812
2021-07-29,142.09364318847656
2021-07-30,142.30831909179688
2021-08-02,141.97654724121094
2021-08-03,143.7717742919922
2021-08-04,143.37176513671875
2021-08-05,143.47906494140625
2021-08-06,142.7951202392578
2021-08-09,142.7462615966797
2021-08-10,142.26744079589844
2021-08-11,142.52151489257812
2021-08-12,145.48216247558594
2021-08-13,145.6873779296875
2021-08-16,147.6610870361328
2021-08-17,146.75242614746094
2021-08-18,143.01007080078125
2021-08-19,143.34231567382812
2021-08-20,144.79823303222656
2021-08-23,146.28341674804688
2021-08-24,146.19546508789062
2021-08-25,144.96429443359375
2021-08-26,144.16305541992188
2021-08-27,145.19882202148438
2021-08-30,149.6153564453125
2021-08-31,148.3548583984375
2021-09-01,149.019287109375
2021-09-02,150.13319396972656
2021-09-03,150.76834106445312
2021-09-07,153.1036376953125
2021-09-08,151.559814453125
2021-09-09,150.54364013671875
2021-09-10,145.56031799316406
2021-09-13,146.12709045410156
2021-09-14,144.72979736328125
2021-09-15,145.61895751953125
2021-09-16,145.3844451904297
2021-09-17,142.71693420410156
2021-09-20,139.66835021972656
2021-09-21,140.14710998535156
2021-09-22,142.5117645263672
2021-09-23,143.4693145751953
2021-09-24,143.5572509765625
2021-09-27,142.04273986816406
2021-09-28,138.6619110107422
2021-09-29,139.56085205078125
2021-09-30,138.2613067626953
2021-10-01,139.38497924804688
2021-10-04,135.95535278320312
2021-10-05,137.88021850585938
2021-10-06,138.7498779296875
2021-10-07,140.01031494140625
2021-10-08,139.62925720214844
2021-10-11,139.5413360595703
2021-10-12,138.2710723876953
2021-10-13,137.68478393554688
2021-10-14,140.46954345703125
2021-10-15,141.5248565673828
2021-10-18,143.19577026367188
2021-10-19,145.3551483154297
2021-10-20,145.84368896484375
2021-10-21,146.05862426757812
2021-10-22,145.28677368164062
2021-10-25,145.23789978027344
2021-10-26,145.90232849121094
2021-10-27,145.44308471679688
2021-10-28,149.0779266357422
2021-10-29,146.371337890625
2021-11-01,145.55056762695312
2021-11-02,146.58631896972656
2021-11-03,148.02267456054688
2021-11-04,147.50479125976562
2021-11-05,148.03317260742188
2021-11-08,147.21119689941406
2021-11-09,147.5732879638672
2021-11-10,144.7453155517578
2021-11-11,144.69639587402344
2021-11-12,146.77090454101562
2021-11-15,146.78065490722656
2021-11-16,147.75921630859375
2021-11-17,150.19577026367188
2021-11-18,154.4817352294922
2021-11-19,157.10426330566406
2021-11-22,157.56419372558594
2021-11-23,157.94580078125
2021-11-24,158.46438598632812
2021-11-26,153.44454956054688
2021-11-29,156.80088806152344
2021-11-30,161.75230407714844
2021-12-01,161.23365783691406
2021-12-02,160.24534606933594
2021-12-03,158.3665771484375
2021-12-06,161.77186584472656
2021-12-07,167.50611877441406
2021-12-08,171.3223876953125
2021-12-09,170.81353759765625
2021-12-10,175.59860229492188
2021-12-13,171.96823120117188
2021-12-14,170.5885009765625
2021-12-15,175.45184326171875
2021-12-16,168.5629119873047
2021-12-17,167.46693420410156
2021-12-20,166.1068115234375
2021-12-21,169.27728271484375
2021-12-22,171.87037658691406
2021-12-23,172.4966278076172
2021-12-27,176.45968627929688
2021-12-28,175.44203186035156
2021-12-29,175.5301055908203
2021-12-30,174.3754119873047
2021-12-31,173.7589874267578
2022-01-03,178.10366821289062
2022-01-04,175.84323120117188
2022-01-05,171.16586303710938
2022-01-06,168.3085174560547
2022-01-07,168.47486877441406
2022-01-10,168.49441528320312
2022-01-11,171.3223876953125
2022-01-12,171.76271057128906
2022-01-13,168.49441528320312
2022-01-14,169.35556030273438
2022-01-18,166.15570068359375
2022-01-19,162.66233825683594
2022-01-20,160.979248046875
2022-01-21,158.92434692382812
2022-01-24,158.1512908935547
2022-01-25,156.35072326660156
2022-01-26,156.26272583007812
2022-01-27,155.80279541015625
2022-01-28,166.67433166503906
2022-01-31,171.02882385253906
2022-02-01,170.8624725341797
2022-02-02,172.06610107421875
2022-02-03,169.1891632080078
2022-02-04,168.90505981445312
2022-02-07,168.1898193359375
2022-02-08,171.29571533203125
2022-02-09,172.71640014648438
2022-02-10,168.6405029296875
2022-02-11,165.2308807373047
2022-02-14,165.46600341796875
2022-02-15,169.29693603515625
2022-02-16,169.06182861328125
2022-02-17,165.46600341796875
2022-02-18,163.9179229736328
2022-02-22,160.99819946289062
2022-02-23,156.83412170410156
2022-02-24,159.4501495361328
2022-02-25,161.5174560546875
2022-02-28,161.7820281982422
2022-03-01,159.9008331298828
2022-03-02,163.19288635253906
2022-03-03,162.8695831298828
2022-03-04,159.8714599609375
2022-03-07,156.07968139648438
2022-03-08,154.25729370117188
2022-03-09,159.6558837890625
2022-03-10,155.3154754638672
2022-03-11,151.60203552246094
2022-03-14,147.5751495361328
2022-03-15,151.9547576904297
2022-03-16,156.36383056640625
2022-03-17,157.37301635742188
2022-03-18,160.66500854492188
2022-03-21,162.03675842285156
2022-03-22,165.40724182128906
2022-03-23,166.7691192626953
2022-03-24,170.55108642578125
2022-03-25,171.18795776367188
2022-03-28,172.05018615722656
2022-03-29,175.34222412109375
2022-03-30,174.17628479003906
2022-03-31,171.0801544189453
2022-04-01,170.78623962402344
2022-04-04,174.832763671875
2022-04-05,171.52110290527344
2022-04-06,168.35638427734375
2022-04-07,168.6600799560547
2022-04-08,166.6515655517578
2022-04-11,162.3992919921875
2022-04-12,164.27069091796875
2022-04-13,166.95529174804688
2022-04-14,161.9485626220703
2022-04-18,161.7330322265625
2022-04-19,164.01589965820312
2022-04-20,163.84934997558594
2022-04-21,163.0557403564453
2022-04-22,158.51930236816406
2022-04-25,159.58731079101562
2022-04-26,153.6302032470703
2022-04-27,153.40484619140625
2022-04-28,160.3319549560547
2022-04-29,154.4630126953125
2022-05-02,154.76678466796875
2022-05-03,156.2560272216797
2022-05-04,162.66383361816406
2022-05-05,153.60084533691406
2022-05-06,154.326904296875
2022-05-09,149.20492553710938
2022-05-10,151.60891723632812
2022-05-11,143.74929809570312
2022-05-12,139.88328552246094
2022-05-13,144.34788513183594
2022-05-16,142.80735778808594
2022-05-17,146.43789672851562
2022-05-18,138.176025390625
2022-05-19,134.7711181640625
2022-05-20,135.00662231445312
2022-05-23,140.42298889160156
2022-05-24,137.72459411621094
2022-05-25,137.8816375732422
2022-05-26,141.0803985595703
2022-05-27,146.83038330078125
2022-05-31,146.04541015625
2022-06-01,145.9178466796875
2022-06-02,148.37086486816406
2022-06-03,142.650390625
2022-06-06,143.39610290527344
2022-06-07,145.9178466796875
2022-06-08,145.18191528320312
2022-06-09,139.96177673339844
2022-06-10,134.55526733398438
2022-06-13,129.40382385253906
2022-06-14,130.2672882080078
2022-06-15,132.8871612548828
2022-06-16,127.6180191040039
2022-06-17,129.08982849121094
2022-06-21,133.3189239501953
2022-06-22,132.8087158203125
2022-06-23,135.67384338378906
2022-06-24,139.0001983642578
2022-06-27,139.0001983642578
2022-06-28,134.8594512939453
2022-06-29,136.61581420898438
2022-06-30,134.1529541015625
2022-07-01,136.32144165039062
2022-07-05,138.90206909179688
2022-07-06,140.236572265625
2022-07-07,143.60214233398438
2022-07-08,144.27919006347656
2022-07-11,142.14990234375
2022-07-12,143.121337890625
2022-07-13,142.75828552246094
2022-07-14,145.68235778808594
2022-07-15,147.35044860839844
2022-07-18,144.30862426757812
2022-07-19,148.1648406982422
2022-07-20,150.16651916503906
2022-07-21,152.43321228027344
2022-07-22,151.19679260253906
2022-07-25,150.07823181152344
2022-07-26,148.75357055664062
2022-07-27,153.8461151123047
2022-07-28,154.3956298828125
2022-07-29,159.45870971679688
2022-08-01,158.4774932861328
2022-08-02,157.0056915283203
2022-08-03,163.01077270507812
2022-08-04,162.69674682617188
2022-08-05,162.47076416015625
2022-08-08,161.99908447265625
2022-08-09,162.04824829101562
2022-08-10,166.29306030273438
2022-08-11,165.55612182617188
2022-08-12,169.10324096679688
2022-08-15,170.1742706298828
2022-08-16,170.0170440673828
2022-08-17,171.5105743408203
2022-08-18,171.1175079345703
2022-08-19,168.53334045410156
2022-08-22,164.652099609375
2022-08-23,164.31802368164062
2022-08-24,164.61279296875
2022-08-25,167.0692901611328
2022-08-26,160.7709197998047
2022-08-29,158.5699005126953
2022-08-30,156.14291381835938
2022-08-31,154.48233032226562
2022-09-01,155.20945739746094
2022-09-02,153.09689331054688
2022-09-06,151.8391571044922
2022-09-07,153.24427795410156
2022-09-08,151.77037048339844
2022-09-09,154.6297149658203
2022-09-12,160.5841827392578
2022-09-13,151.16119384765625
2022-09-14,152.60560607910156
2022-09-15,149.71678161621094
2022-09-16,148.07586669921875
2022-09-19,151.79005432128906
2022-09-20,154.16790771484375
2022-09-21,151.04327392578125
2022-09-22,150.0803680419922
2022-09-23,147.81060791015625
2022-09-26,148.14463806152344
2022-09-27,149.11741638183594
2022-09-28,147.23085021972656
2022-09-29,139.99899291992188
2022-09-30,135.79351806640625
2022-10-03,139.9695587158203
2022-10-04,143.55596923828125
2022-10-05,143.85073852539062
2022-10-06,142.89764404296875
2022-10-07,137.65061950683594
2022-10-10,137.9748992919922
2022-10-11,136.55992126464844
2022-10-12,135.93106079101562
2022-10-13,140.5001220703125
2022-10-14,135.9703826904297
2022-10-17,139.93020629882812
2022-10-18,141.24688720703125
2022-10-19,141.35498046875
2022-10-20,140.89315795898438
2022-10-21,144.70558166503906
2022-10-24,146.84762573242188
2022-10-25,149.68731689453125
2022-10-26,146.74937438964844
2022-10-27,142.2786102294922
2022-10-28,153.02810668945312
2022-10-31,150.66990661621094
2022-11-01,148.0267333984375
2022-11-02,142.5045928955078
2022-11-03,136.461669921875
2022-11-04,136.1959686279297
2022-11-07,136.72744750976562
2022-11-08,137.2982940673828
2022-11-09,132.74136352539062
2022-11-10,144.55197143554688
2022-11-11,147.33726501464844
2022-11-14,145.93971252441406
2022-11-15,147.67190551757812
2022-11-16,146.441650390625
2022-11-17,148.34121704101562
2022-11-18,148.9021759033203
2022-11-21,145.67393493652344
2022-11-22,147.8097381591797
2022-11-23,148.6856689453125
2022-11-25,145.77239990234375
2022-11-28,141.94378662109375
2022-11-29,138.94192504882812
2022-11-30,145.6936492919922
2022-12-01,145.96920776367188
2022-12-02,145.4770965576172
2022-12-05,144.3157196044922
2022-12-06,140.6544647216797
2022-12-07,138.7155303955078
2022-12-08,140.3985595703125
2022-12-09,139.91629028320312
2022-12-12,142.2095184326172
2022-12-13,143.17404174804688
2022-12-14,140.9497528076172
2022-12-15,134.3456573486328
2022-12-16,132.38702392578125
2022-12-19,130.28079223632812
2022-12-20,130.21192932128906
2022-12-21,133.3121795654297
2022-12-22,130.14300537109375
2022-12-23,129.77886962890625
2022-12-27,127.97770690917969
2022-12-28,124.05070495605469
2022-12-29,127.5643539428711
2022-12-30,127.87931823730469
2023-01-03,123.09601593017578
2023-01-04,124.36566162109375
2023-01-05,123.04679870605469
2023-01-06,127.57420349121094
2023-01-09,128.09584045410156
2023-01-10,128.66668701171875
2023-01-11,131.38314819335938
2023-01-12,131.30438232421875
2023-01-13,132.63307189941406
2023-01-17,133.79446411132812
2023-01-18,133.07601928710938
2023-01-19,133.13502502441406
2023-01-20,135.6940155029297
2023-01-23,138.88287353515625
2023-01-24,140.28045654296875
2023-01-25,139.6210479736328
2023-01-26,141.68788146972656
2023-01-27,143.62677001953125
2023-01-30,140.7430419921875
2023-01-31,142.01266479492188
2023-02-01,143.13467407226562
2023-02-02,148.43960571289062
2023-02-03,152.06153869628906
2023-02-06,149.3352508544922
2023-02-07,152.20916748046875
2023-02-08,149.522216796875
2023-02-09,148.4888153076172
2023-02-10,148.853515625
2023-02-13,151.6529541015625
2023-02-14,151.0122528076172
2023-02-15,153.1118621826172
2023-02-16,151.51499938964844
2023-02-17,150.37155151367188
2023-02-21,146.3596649169922
2023-02-22,146.7835235595703
2023-02-23,147.2665557861328
2023-02-24,144.6149444580078
2023-02-27,145.80763244628906
2023-02-28,145.304931640625
2023-03-01,143.2349090576172
2023-03-02,143.8263702392578
2023-03-03,148.87326049804688
2023-03-06,151.63328552246094
2023-03-07,149.43511962890625
2023-03-08,150.68698120117188
2023-03-09,148.4395294189453
2023-03-10,146.37940979003906
2023-03-13,148.32125854492188
2023-03-14,150.41098022460938
2023-03-15,150.80528259277344
2023-03-16,153.6244354248047
2023-03-17,152.78656005859375
2023-03-20,155.15228271484375
2023-03-21,157.00543212890625
2023-03-22,155.576171875
2023-03-23,156.660400390625
2023-03-24,157.96157836914062
2023-03-27,156.01971435546875
2023-03-28,155.39871215820312
2023-03-29,158.47418212890625
2023-03-30,160.0414581298828
2023-03-31,162.54519653320312
2023-04-03,163.7970428466797
2023-04-04,163.26473999023438
2023-04-05,161.4214630126953
2023-04-06,162.3086395263672
2023-04-10,159.71615600585938
2023-04-11,158.50375366210938
2023-04-12,157.81373596191406
2023-04-13,163.19577026367188
2023-04-14,162.85073852539062
2023-04-17,162.87049865722656
2023-04-18,164.0927734375
2023-04-19,165.2362060546875
2023-04-20,164.27017211914062
2023-04-21,162.66348266601562
2023-04-24,162.9690399169922
2023-04-25,161.43133544921875
2023-04-26,161.4214630126953
2023-04-27,166.0050811767578
2023-04-28,167.2569122314453
2023-05-01,167.168212890625
2023-05-02,166.13319396972656
2023-05-03,165.0587615966797
2023-05-04,163.42245483398438
2023-05-05,171.09140014648438
2023-05-08,171.02236938476562
2023-05-09,169.31710815429688
2023-05-10,171.08154296875
2023-05-11,171.26878356933594
2023-05-12,170.34097290039062
2023-05-15,169.84742736816406
2023-05-16,169.84742736816406
2023-05-17,170.45941162109375
2023-05-18,172.78890991210938
2023-05-19,172.89749145507812
2023-05-22,171.94992065429688
2023-05-23,169.34397888183594
2023-05-24,169.62034606933594
2023-05-25,170.7555694580078
2023-05-26,173.1639862060547
2023-05-30,175.00985717773438
2023-05-31,174.9604949951172
2023-06-01,177.76380920410156
2023-06-02,178.61270141601562
2023-06-05,177.26040649414062
2023-06-06,176.89520263671875
2023-06-07,175.5231475830078
2023-06-08,178.2376251220703
2023-06-09,178.62255859375
2023-06-12,181.416015625
2023-06-13,180.94219970703125
2023-06-14,181.5739288330078
2023-06-15,183.6073455810547
2023-06-16,182.5314178466797
2023-06-20,182.62026977539062
2023-06-21,181.58383178710938
2023-06-22,184.58456420898438
2023-06-23,184.26869201660156
2023-06-26,182.8768768310547
2023-06-27,185.630859375
2023-06-28,186.80552673339844
2023-06-29,187.14111328125
2023-06-30,191.46453857421875
2023-07-03,189.9740447998047
2023-07-05,188.85862731933594
2023-07-06,189.33242797851562
2023-07-07,188.21702575683594
2023-07-10,186.1737518310547
2023-07-11,185.65061950683594
2023-07-12,187.3188018798828
2023-07-13,188.078857421875
2023-07-14,188.22689819335938
2023-07-17,191.48426818847656
2023-07-18,191.22764587402344
2023-07-19,192.57994079589844
2023-07-20,190.63539123535156
2023-07-21,189.46075439453125
2023-07-24,190.26026916503906
2023-07-25,191.11904907226562
2023-07-26,191.9876708984375
2023-07-27,190.72421264648438
2023-07-28,193.300537109375
2023-07-31,193.91249084472656
2023-08-01,193.08334350585938
2023-08-02,190.09249877929688
2023-08-03,188.70069885253906
2023-08-04,179.63925170898438
2023-08-07,176.53985595703125
2023-08-08,177.47755432128906
2023-08-09,175.8883514404297
2023-08-10,175.6712188720703
2023-08-11,175.7305145263672
2023-08-14,177.3811798095703
2023-08-15,175.39442443847656
2023-08-16,174.52464294433594
2023-08-17,171.9844207763672
2023-08-18,172.46876525878906
2023-08-21,173.80307006835938
2023-08-22,175.17698669433594
2023-08-23,179.0219268798828
2023-08-24,174.33682250976562
2023-08-25,176.541015625
2023-08-28,178.1027069091797
2023-08-29,181.9871826171875
2023-08-30,185.47628784179688
2023-08-31,185.69374084472656
2023-09-01,187.26528930664062
2023-09-05,187.5025177001953
2023-09-06,180.7912139892578
2023-09-07,175.503173828125
2023-09-08,176.11599731445312
2023-09-11,177.28231811523438
2023-09-12,174.25775146484375
2023-09-13,172.19200134277344
2023-09-14,173.7042694091797
2023-09-15,172.98269653320312
2023-09-18,175.90843200683594
2023-09-19,176.99569702148438
2023-09-20,173.45716857910156
2023-09-21,171.9152069091797
2023-09-22,172.76522827148438
2023-09-25,174.0403289794922
2023-09-26,169.96804809570312
2023-09-27,168.45574951171875
2023-09-28,168.71275329589844
2023-09-29,169.2267303466797
2023-10-02,171.7373046875
2023-10-03,170.40292358398438
2023-10-04,171.64834594726562
2023-10-05,172.88388061523438
2023-10-06,175.43399047851562
2023-10-09,176.9166259765625
2023-10-10,176.3235626220703
2023-10-11,177.71722412109375
2023-10-12,178.61671447753906
2023-10-13,176.77825927734375
2023-10-16,176.6497344970703
2023-10-17,175.09793090820312
2023-10-18,173.80307006835938
2023-10-19,173.42752075195312
2023-10-20,170.87741088867188
2023-10-23,170.99598693847656
2023-10-24,171.43089294433594
2023-10-25,169.11801147460938
2023-10-26,164.956787109375
2023-10-27,166.2713623046875
2023-10-30,168.31736755371094
2023-10-31,168.7918243408203
2023-11-01,171.95474243164062
2023-11-02,175.5130615234375
2023-11-03,174.60369873046875
2023-11-06,177.15380859375
2023-11-07,179.7138214111328
2023-11-08,180.77142333984375
2023-11-09,180.29696655273438
2023-11-10,184.4834747314453
2023-11-13,182.8999481201172
2023-11-14,185.5128173828125
2023-11-15,186.07691955566406
2023-11-16,187.7594757080078
2023-11-17,187.73968505859375
2023-11-20,189.4815673828125
2023-11-21,188.67990112304688
2023-11-22,189.343017578125
2023-11-24,188.0167999267578
2023-11-27,187.83865356445312
2023-11-28,188.44235229492188
2023-11-29,187.42295837402344
2023-11-30,187.99697875976562
2023-12-01,189.27374267578125
2023-12-04,187.4823455810547
2023-12-05,191.43130493164062
2023-12-06,190.34263610839844
2023-12-07,192.2725830078125
2023-12-08,193.69776916503906
2023-12-11,191.1938018798828
2023-12-12,192.7080535888672
2023-12-13,195.92465209960938
2023-12-14,196.0730743408203
2023-12-15,195.5386505126953
2023-12-18,193.87591552734375
2023-12-19,194.91513061523438
2023-12-20,192.8268280029297
2023-12-21,192.6783447265625
2023-12-22,191.60946655273438
2023-12-26,191.0651397705078
2023-12-27,191.1640625
2023-12-28,191.5896759033203
2023-12-29,190.55047607421875
2024-01-02,183.7313232421875
2024-01-03,182.35560607910156
2024-01-04,180.0396728515625
2024-01-05,179.317138671875
2024-01-08,183.6521453857422
2024-01-09,183.2364501953125
2024-01-10,184.27565002441406
2024-01-11,183.68179321289062
2024-01-12,184.00840759277344
2024-01-16,181.7419891357422
2024-01-17,180.80172729492188
2024-01-18,186.69058227539062
2024-01-19,189.59043884277344
2024-01-22,191.89649963378906
2024-01-23,193.1732177734375
2024-01-24,192.50021362304688
2024-01-25,192.17359924316406
2024-01-26,190.44158935546875
2024-01-29,189.75868225097656
2024-01-30,186.10662841796875
2024-01-31,182.50404357910156
2024-02-01,184.9387664794922
2024-02-02,183.93914794921875
2024-02-05,185.7503204345703
2024-02-06,187.3536834716797
2024-02-07,187.4625701904297
2024-02-08,186.38375854492188
2024-02-09,187.14678955078125
2024-02-12,185.46212768554688
2024-02-13,183.3711700439453
2024-02-14,182.48919677734375
2024-02-15,182.20181274414062
2024-02-16,180.66578674316406
2024-02-20,179.9225311279297
2024-02-21,180.6757049560547
2024-02-22,182.70718383789062
2024-02-23,180.87388610839844
2024-02-26,179.52615356445312
2024-02-27,180.98289489746094
2024-02-28,179.7838134765625
2024-02-29,179.11985778808594
2024-03-01,178.03968811035156
2024-03-04,173.52084350585938
2024-03-05,168.5857391357422
2024-03-06,167.59474182128906
2024-03-07,167.475830078125
2024-03-08,169.19021606445312
2024-03-11,171.19203186035156
2024-03-12,171.66766357421875
2024-03-13,169.58663940429688
2024-03-14,171.4397430419922
2024-03-15,171.06317138671875
2024-03-18,172.15325927734375
2024-03-19,174.4919891357422
2024-03-20,177.0586395263672
2024-03-21,169.82443237304688
2024-03-22,170.72625732421875
2024-03-25,169.30914306640625
2024-03-26,168.17945861816406
2024-03-27,171.74696350097656
2024-03-28,169.93345642089844
2024-04-01,168.49652099609375
2024-04-02,167.3173065185547
2024-04-03,168.1199493408203
2024-04-04,167.29745483398438
2024-04-05,168.0505828857422
2024-04-08,166.9307861328125
2024-04-09,168.13978576660156
2024-04-10,166.26683044433594
2024-04-11,173.46133422851562
2024-04-12,174.95773315429688
2024-04-15,171.132568359375
2024-04-16,167.8524169921875
2024-04-17,166.48484802246094
2024-04-18,165.5334930419922
2024-04-19,163.5118865966797
2024-04-22,164.34432983398438
2024-04-23,165.39476013183594
2024-04-24,167.49566650390625
2024-04-25,168.35781860351562
2024-04-26,167.77313232421875
2024-04-29,171.93524169921875
2024-04-30,168.79383850097656
2024-05-01,167.77313232421875
2024-05-02,171.46949768066406
2024-05-03,181.72613525390625
2024-05-06,180.07122802734375
2024-05-07,180.75498962402344
2024-05-08,181.09190368652344
2024-05-09,182.90541076660156
2024-05-10,181.64515686035156
2024-05-13,184.85035705566406
2024-05-14,185.9915313720703
2024-05-15,188.2639617919922
2024-05-16,188.38302612304688
2024-05-17,188.41281127929688
2024-05-20,189.57383728027344
2024-05-21,190.873779296875
2024-05-22,189.43490600585938
2024-05-23,185.44577026367188
2024-05-24,188.52195739746094
2024-05-28,188.53187561035156
2024-05-29,188.82960510253906
2024-05-30,189.82191467285156
2024-05-31,190.77455139160156
2024-06-03,192.5408935546875
2024-06-04,192.85842895507812
2024-06-05,194.3667755126953
2024-06-06,192.98744201660156
2024-06-07,195.37893676757812
2024-06-10,191.63787841796875
2024-06-11,205.56019592285156
2024-06-12,211.4347686767578
2024-06-13,212.59579467773438
2024-06-14,210.85922241210938
2024-06-17,215.0071258544922
2024-06-18,212.6453857421875
2024-06-20,208.0707550048828
2024-06-21,205.8975830078125
2024-06-24,206.5426025390625
2024-06-25,207.46546936035156
2024-06-26,211.61337280273438
2024-06-27,212.4568634033203
2024-06-28,209.00355529785156
2024-07-01,215.0865020751953
2024-07-02,218.57949829101562
2024-07-03,219.84970092773438
2024-07-05,224.6029052734375
2024-07-08,226.07156372070312
2024-07-09,226.92495727539062
2024-07-10,231.1919403076172
2024-07-11,225.82350158691406
2024-07-12,228.7706756591797
2024-07-15,232.60105895996094
2024-07-16,233.01783752441406
2024-07-17,227.12342834472656
2024-07-18,222.45950317382812
2024-07-19,222.5885009765625
2024-07-22,222.24118041992188
2024-07-23,223.2831268310547
2024-07-24,216.86277770996094
2024-07-25,215.82083129882812
2024-07-26,216.28724670410156
2024-07-29,216.56509399414062
2024-07-30,217.1207733154297
2024-07-31,220.3756103515625
2024-08-01,216.6841583251953
2024-08-02,218.17266845703125
2024-08-05,207.66392517089844
2024-08-06,205.63958740234375
2024-08-07,208.209716796875
2024-08-08,211.6729278564453
2024-08-09,214.58045959472656
2024-08-12,216.11038208007812
2024-08-13,219.82598876953125
2024-08-14,220.27304077148438
2024-08-15,223.2534637451172
2024-08-16,224.57479858398438
2024-08-19,224.4158477783203
2024-08-20,225.0317840576172
2024-08-21,224.9224853515625
2024-08-22,223.06471252441406
2024-08-23,225.359619140625
2024-08-26,225.69740295410156
2024-08-27,226.54185485839844
2024-08-28,225.0119171142578
2024-08-29,228.29039001464844
2024-08-30,227.50555419921875
2024-09-03,221.3162078857422
2024-09-04,219.4087371826172
2024-09-05,220.92872619628906
2024-09-06,219.37892150878906
2024-09-09,219.46835327148438
2024-09-10,218.6735382080078
2024-09-11,221.20692443847656
2024-09-12,221.3162078857422
2024-09-13,221.04795837402344
2024-09-16,214.90830993652344
2024-09-17,215.37521362304688
2024-09-18,219.249755859375
2024-09-19,227.37637329101562
2024-09-20,226.7107391357422
2024-09-23,224.99205017089844
2024-09-24,225.88616943359375
2024-09-25,224.89268493652344
2024-09-26,226.03518676757812
2024-09-27,226.30340576171875
2024-09-30,231.4794464111328
2024-10-01,224.7337646484375
2024-10-02,225.30003356933594
2024-10-03,224.197265625
2024-10-04,225.31988525390625
2024-10-07,220.24322509765625
2024-10-08,224.29661560058594
2024-10-09,228.04202270507812
2024-10-10,227.5452880859375
2024-10-11,226.0650177001953
2024-10-14,229.79052734375
2024-10-15,232.32388305664062
2024-10-16,230.26739501953125
2024-10-17,230.63497924804688
2024-10-18,233.46636962890625
2024-10-21,234.93670654296875
2024-10-22,234.32078552246094
2024-10-23,229.25404357910156
2024-10-24,229.0653076171875
2024-10-25,229.89979553222656
2024-10-28,231.87681579589844
2024-10-29,232.14505004882812
2024-10-30,228.5983428955078
2024-10-31,224.43569946289062
2024-11-01,221.4552764892578
2024-11-04,220.5611572265625
2024-11-05,221.99172973632812
2024-11-06,221.2665252685547
2024-11-07,225.99545288085938
2024-11-08,225.7269287109375
2024-11-11,223.01173400878906
2024-11-12,223.01173400878906
2024-11-13,223.8968963623047
2024-11-14,226.98007202148438
2024-11-15,223.77757263183594
2024-11-18,226.7811737060547
2024-11-19,227.03973388671875
2024-11-20,227.75584411621094
2024-11-21,227.2784423828125
2024-11-22,228.62109375
2024-11-25,231.6048126220703
2024-11-26,233.78292846679688
2024-11-27,233.65362548828125
2024-11-29,236.04058837890625
2024-12-02,238.28831481933594
2024-12-03,241.33168029785156
2024-12-04,241.68971252441406
2024-12-05,241.7195587158203
2024-12-06,241.52064514160156
2024-12-09,245.40939331054688
2024-12-10,246.4238739013672
2024-12-11,245.1508331298828
2024-12-12,246.6128387451172
2024-12-13,246.7819061279297
2024-12-16,249.6761016845703
2024-12-17,252.1028289794922
2024-12-18,246.7023468017578
2024-12-19,248.43287658691406
2024-12-20,253.10736083984375
2024-12-23,253.8831024169922
2024-12-24,256.7972106933594
2024-12-26,257.6127014160156
2024-12-27,254.20135498046875
2024-12-30,250.8297882080078
2024-12-31,249.05946350097656
2025-01-02,242.52516174316406
2025-01-03,242.03781127929688
2025-01-06,243.66891479492188
2025-01-07,240.89405822753906
2025-01-08,241.38140869140625
2025-01-10,235.5631866455078
2025-01-13,233.12649536132812
2025-01-14,232.01258850097656
2025-01-15,236.57765197753906
2025-01-16,227.01986694335938
2025-01-17,228.73049926757812
2025-01-21,221.43038940429688
2025-01-22,222.61392211914062
2025-01-23,222.44485473632812
2025-01-24,221.5696258544922
2025-01-27,228.6111602783203
2025-01-28,236.96551513671875
2025-01-29,238.05955505371094
2025-01-30,236.29916381835938
2025-01-31,234.71778869628906
2025-02-03,226.77120971679688
2025-02-04,231.53518676757812
2025-02-05,231.2069854736328
2025-02-06,231.95291137695312
2025-02-07,226.39329528808594
2025-02-10,226.66209411621094
2025-02-11,231.61053466796875
2025-02-12,235.84210205078125
2025-02-13,240.48187255859375
2025-02-14,243.53857421875
2025-02-18,243.40911865234375
2025-02-19,243.80735778808594
2025-02-20,244.76321411132812
2025-02-21,244.48443603515625
2025-02-24,246.0277099609375
2025-02-25,245.9679718017578
2025-02-26,239.31695556640625
2025-02-27,236.27024841308594
2025-02-28,240.79052734375
2025-03-03,236.9970703125
2025-03-04,234.9061737060547
2025-03-05,234.7169952392578
2025-03-06,234.30877685546875
2025-03-07,238.03256225585938
2025-03-10,226.4928436279297
2025-03-11,219.88165283203125
2025-03-12,216.03842163085938
2025-03-13,208.77008056640625
2025-03-14,212.5635528564453
2025-03-17,213.0713653564453
2025-03-18,211.7670440673828
2025-03-19,214.30596923828125
2025-03-20,213.17091369628906
2025-03-21,217.3228302001953
2025-03-24,219.77215576171875
2025-03-25,222.77903747558594
2025-03-26,220.56866455078125
2025-03-27,222.8786163330078
2025-03-28,216.95440673828125
2025-03-31,221.16607666015625
2025-04-01,222.22145080566406
2025-04-02,222.91842651367188
2025-04-03,202.30824279785156
2025-04-04,187.56253051757812
2025-04-07,180.6725616455078
2025-04-08,171.67178344726562
2025-04-09,197.98709106445312
2025-04-10,189.59365844726562
2025-04-11,197.29013061523438
2025-04-14,201.64117431640625
2025-04-15,201.26280212402344
2025-04-16,193.42697143554688
2025-04-17,196.12521362304688
2025-04-21,192.32177734375
2025-04-22,198.8732452392578
2025-04-23,203.71214294433594
2025-04-24,207.46575927734375
2025-04-25,208.371826171875
2025-04-28,209.2281036376953
2025-04-29,210.29345703125
2025-04-30,211.57786560058594
2025-05-01,212.39430236816406
2025-05-02,204.45889282226562
2025-05-05,198.02691650390625
2025-05-06,197.6485595703125
2025-05-07,195.3983612060547
2025-05-08,196.63299560546875
2025-05-09,197.66848754882812
2025-05-12,210.15048217773438
2025-05-13,212.28399658203125
2025-05-14,211.68582153320312
2025-05-15,210.80850219726562
2025-05-16,210.61907958984375
2025-05-19,208.14659118652344
2025-05-20,206.232421875
2025-05-21,201.47689819335938
2025-05-22,200.74911499023438
2025-05-23,194.6775665283203
2025-05-27,199.60260009765625
2025-05-28,199.8119659423828
2025-05-29,199.34336853027344
2025-05-30,200.24066162109375
2025-06-02,201.08807373046875
2025-06-03,202.6533203125
2025-06-04,202.20468139648438
2025-06-05,200.0213165283203
2025-06-06,203.30133056640625
2025-06-09,200.8388214111328
2025-06-10,202.0551300048828
2025-06-11,198.1769256591797
2025-06-12,198.5956573486328
2025-06-13,195.85400390625
2025-06-16,197.81802368164062
2025-06-17,195.0464630126953
2025-06-18,195.9835968017578
2025-06-20,200.3902130126953
2025-06-23,200.888671875
2025-06-24,199.6923065185547
2025-06-25,200.948486328125
2025-06-26,200.3902130126953
2025-06-27,200.469970703125
2025-06-30,204.5475311279297
2025-07-01,207.18951416015625
2025-07-02,211.7954864501953
2025-07-03,212.90211486816406
2025-07-07,209.31304931640625
2025-07-08,209.3728485107422
2025-07-09,210.4994354248047
2025-07-10,211.7655792236328
2025-07-11,210.51937866210938
2025-07-14,207.987060546875
2025-07-15,208.4755859375
2025-07-16,209.52239990234375
2025-07-17,209.38282775878906
2025-07-18,210.539306640625
2025-07-21,211.83535766601562
2025-07-22,213.74952697753906
2025-07-23,213.5002899169922
2025-07-24,213.11148071289062
2025-07-25,213.23110961914062
2025-07-28,213.40061950683594
2025-07-29,210.62904357910156
2025-07-30,208.41578674316406
2025-07-31,206.9402618408203
2025-08-01,201.76600646972656
2025-08-04,202.7330780029297
2025-08-05,202.3043670654297
2025-08-06,212.60302734375
2025-08-07,219.36245727539062
2025-08-08,228.6541748046875
2025-08-11,226.747802734375
2025-08-12,229.21310424804688
2025-08-13,232.88612365722656
2025-08-14,232.337158203125
2025-08-15,231.1494140625
2025-08-18,230.4507598876953
2025-08-19,230.1213836669922
2025-08-20,225.5800323486328
2025-08-21,224.47215270996094
2025-08-22,227.3267059326172
2025-08-25,226.72784423828125
2025-08-26,228.87376403808594
2025-08-27,230.05152893066406
2025-08-28,232.11758422851562
2025-08-29,231.69837951660156
2025-09-02,229.28298950195312
2025-09-03,238.01634216308594
2025-09-04,239.32383728027344
2025-09-05,239.2340087890625
2025-09-08,237.42745971679688
2025-09-09,233.9041748046875
2025-09-10,226.35855102539062
2025-09-11,229.59239196777344
2025-09-12,233.6247100830078
2025-09-15,236.24969482421875
2025-09-16,237.6969451904297
2025-09-17,238.5353546142578
2025-09-18,237.42745971679688
2025-09-19,245.032958984375
2025-09-22,255.5928192138672
2025-09-23,253.9459686279297
2025-09-24,251.8300018310547
2025-09-25,256.3813171386719
2025-09-26,254.97401428222656
2025-09-29,253.9459686279297
2025-09-30,254.14559936523438
2025-10-01,254.9640350341797
2025-10-02,256.6408386230469
2025-10-03,257.5291442871094
2025-10-06,256.20166015625
2025-10-07,255.99209594726562
2025-10-08,257.569091796875
2025-10-09,253.55670166015625
2025-10-10,244.80340576171875
2025-10-13,247.18885803222656
2025-10-14,247.29864501953125
2025-10-15,248.86566162109375
2025-10-16,246.97926330566406
2025-10-17,251.81002807617188
2025-10-20,261.7411193847656
2025-10-21,262.27008056640625
2025-10-22,257.9583435058594
2025-10-23,259.0861511230469
2025-10-24,262.3200378417969
2025-10-27,268.2986145019531
2025-10-28,268.4882507324219
2025-10-29,269.1869201660156
2025-10-30,270.8836669921875
2025-10-31,269.85565185546875
2025-11-03,268.53814697265625
2025-11-04,269.5262756347656
2025-11-05,269.6260986328125
2025-11-06,269.25677490234375
2025-11-07,267.9592590332031
2025-11-10,269.1781311035156
2025-11-11,274.99267578125
2025-11-12,273.21435546875
2025-11-13,272.6948547363281
2025-11-14,272.15533447265625
2025-11-17,267.2099609375
2025-11-18,267.19000244140625
2025-11-19,268.3089294433594
2025-11-20,266.0010986328125
2025-11-21,271.2361755371094
2025-11-24,275.6620788574219
2025-11-25,276.7110900878906
2025-11-26,277.29052734375
2025-11-28,278.5893249511719
2025-12-01,282.8353576660156
2025-12-02,285.9224548339844
2025-12-03,283.8843688964844
2025-12-04,280.4375915527344
2025-12-05,278.5193786621094
2025-12-08,277.6302185058594
2025-12-09,276.9208679199219
2025-12-10,278.5193786621094
2025-12-11,277.77008056640625
2025-12-12,278.0198669433594
2025-12-15,273.8537292480469
2025-12-16,274.353271484375
2025-12-17,271.58587646484375
2025-12-18,271.935546875
2025-12-19,273.4141845703125
2025-12-22,270.7166748046875
2025-12-23,272.1053771972656
2025-12-24,273.55401611328125
2025-12-26,273.1444091796875
2025-12-29,273.50408935546875
2025-12-30,272.82470703125
2025-12-31,271.6058349609375
2026-01-02,270.75665283203125
2026-01-05,267.0101623535156
2026-01-06,262.1147155761719
2026-01-07,260.08660888671875
2026-01-08,258.7978515625
2026-01-09,259.1275329589844
2026-01-12,260.0067138671875
2026-01-13,260.8059387207031
2026-01-14,259.71697998046875
2026-01-15,257.9685974121094
2026-01-16,255.29112243652344
2026-01-20,246.46937561035156
2026-01-21,247.41848754882812
2026-01-22,248.1178436279297
2026-01-23,247.80812072753906
2026-01-26,255.17123413085938
2026-01-27,258.0285339355469
2026-01-28,256.2002868652344
2026-01-29,258.0385437011719
2026-01-30,259.2374267578125
2026-02-02,269.7575988769531
2026-02-03,269.22808837890625
2026-02-04,276.23150634765625
2026-02-05,275.6520690917969
2026-02-06,277.8599853515625
2026-02-09,274.6199951171875
2026-02-10,273.67999267578125
2026-02-11,275.5
2026-02-12,261.7300109863281
2026-02-13,255.77999877929688
2026-02-17,263.8800048828125
2026-02-18,264.3500061035156
2026-02-19,260.5799865722656
2026-02-20,264.5799865722656
2026-02-23,266.17999267578125
2026-02-24,272.1400146484375
2026-02-25,274.2300109863281
2026-02-26,272.95001220703125
2026-02-27,264.17999267578125
2026-03-02,264.7200012207031
2026-03-03,263.75
2026-03-04,262.5199890136719
2026-03-05,260.2900085449219
2026-03-06,257.4599914550781
2026-03-09,259.8800048828125
